{"is_source_file": true, "format": "bash", "description": "A shell script that detects the presence of various database backup files and restores the database accordingly, supporting SQLite, PostgreSQL, MySQL, and MongoDB.", "external_files": ["database_backup.db", "database_backup.sql", "database_backup.archive"], "external_methods": ["ls", "sudo -u postgres pg_isready", "psql", "mysqladmin", "mysql", "mongosh", "mongorestore"], "published": [], "classes": [], "methods": [], "calls": ["ls /usr/lib/postgresql/", "sudo -u postgres pg_isready", "psql", "mysqladmin ping -h localhost -P ${DB_PORT} --silent", "mysql -h localhost -P ${DB_PORT} -u ${DB_USER} -p${DB_PASSWORD}", "mysql -h localhost -P ${DB_PORT} -u root -p${DB_PASSWORD}", "sudo mysql --socket=/var/run/mysqld/mysqld.sock", "mongosh --port ${DB_PORT} --eval \"db.adminCommand('ping')\"", "mongorestore --port ${DB_PORT} --archive=database_backup.archive --drop --quiet"], "search-terms": ["restore_db.sh", "database restore script", "detect backup type", "SQLite restore", "PostgreSQL restore", "MySQL restore", "MongoDB restore"], "state": 2, "file_id": 5, "knowledge_revision": 12, "git_revision": "fc711422ca724d3088c9167651fdd15f3c6059ec", "hash": "67505395c0df4c9c001ab8f47571f3fb", "format-version": 4, "code-base-name": "database", "filename": "database/restore_db.sh", "revision_history": [{"12": "fc711422ca724d3088c9167651fdd15f3c6059ec"}]}