{"is_source_file": true, "format": "HTML", "description": "This file is an HTML document serving as the user interface for a database viewer web application, including CSS styles and JavaScript for client-side interactions to browse and display database tables and data.", "external_files": ["/api/databases", "/api/{db}/tables", "/api/{db}/tables/{tableName}/data"], "external_methods": ["fetch"], "published": [], "classes": [], "methods": [{"name": "loadDatabases", "description": "Fetches and displays the list of available databases."}, {"name": "refreshDatabases", "description": "Refreshes the database list, resets UI state."}, {"name": "toggleDatabase", "description": "Handles user interaction to expand/collapse database details and load tables."}, {"name": "loadTables", "description": "Fetches and displays tables within a selected database."}, {"name": "loadTableData", "description": "Fetches and renders data for a selected table."}, {"name": "renderTable", "description": "Constructs HTML for tabular display of data."}, {"name": "renderCell", "description": "Creates HTML for individual cell, handling different data types and truncation."}, {"name": "expandCell", "description": "Expands or collapses cell content for long text or nested objects."}], "calls": ["fetch", "loadDatabases", "refreshDatabases", "toggleDatabase", "loadTables", "loadTableData", "renderTable", "renderCell", "expandCell"], "search-terms": ["index.html", "Database Viewer interface", "client-side JavaScript", "fetch API calls", "database list UI", "dynamic table rendering", "expand long cell content", "load databases, tables, data"], "state": 2, "file_id": 3, "knowledge_revision": 13, "git_revision": "fc711422ca724d3088c9167651fdd15f3c6059ec", "hash": "ee63333a4841bf025439c755a74c9881", "format-version": 4, "code-base-name": "database", "filename": "database/db_visualizer/public/index.html", "revision_history": [{"13": "fc711422ca724d3088c9167651fdd15f3c6059ec"}]}