{"is_source_file": true, "format": "bash", "description": "A database backup script that detects the type of running database (SQLite, PostgreSQL, MySQL, MongoDB) and performs backups accordingly. It includes checks for database presence and authentication, and saves backups to specific files.", "external_files": ["/usr/lib/postgresql/", "/var/run/mysqld/mysqld.sock"], "external_methods": ["ls", "sudo -u postgres pg_isready", "mongosh", "mysqladmin", "mysql", "mysqldump"], "published": [], "classes": [], "methods": [], "calls": ["ls", "sudo -u postgres pg_isready", "mongosh --port ${DB_PORT} --eval \"db.adminCommand('ping')\"", "mysqladmin ping -h localhost -P ${DB_PORT} --silent", "sudo mysqladmin ping --socket=/var/run/mysqld/mysqld.sock --silent", "mysql -h localhost -P ${DB_PORT} -u ${DB_USER} -p${DB_PASSWORD} -e \"SELECT 1\"", "mysqldump -h localhost -P ${DB_PORT} -u ${DB_USER} -p${DB_PASSWORD} --databases ${DB_NAME} --add-drop-database --routines --triggers --single-transaction", "sudo mysqldump --socket=/var/run/mysqld/mysqld.sock -u root -p${DB_PASSWORD} --databases ${DB_NAME} --add-drop-database --routines --triggers --single-transaction", "mongodump --port ${DB_PORT} --db ${DB_NAME} --archive=database_backup.archive --quiet", "echo", "exit"], "search-terms": ["backup_db.sh", "database backup script", "SQLite backup", "PostgreSQL backup", "MySQL backup", "MongoDB backup", "database detection", "shell script database backup", "multidatabase backup", "database restore"], "state": 2, "file_id": 4, "knowledge_revision": 14, "git_revision": "fc711422ca724d3088c9167651fdd15f3c6059ec", "hash": "7af9aa35fa4940f934d83f6e2621b732", "format-version": 4, "code-base-name": "database", "filename": "database/backup_db.sh", "revision_history": [{"14": "fc711422ca724d3088c9167651fdd15f3c6059ec"}]}