{"is_source_file": true, "format": "bash/shell script", "description": "This script initializes and manages a PostgreSQL server setup, including version detection, process checks, database creation, user setup, permissions, and environment configuration.", "external_files": ["/usr/lib/postgresql/", "/var/lib/postgresql/data/PG_VERSION", "db_connection.txt", "db_visualizer/postgres.env"], "external_methods": ["ls", "sudo -u postgres ${PG_BIN}/pg_isready", "pgrep", "sudo -u postgres ${PG_BIN}/psql", "sudo -u postgres ${PG_BIN}/initdb", "sudo -u postgres ${PG_BIN}/postgres", "sudo -u postgres ${PG_BIN}/createdb"], "published": [], "classes": [], "methods": [], "calls": ["ls /usr/lib/postgresql/", "sudo -u postgres ${PG_BIN}/pg_isready", "pgrep -f \"postgres.*-p ${DB_PORT}\"", "sudo -u postgres ${PG_BIN}/psql", "sudo -u postgres ${PG_BIN}/initdb", "sudo -u postgres ${PG_BIN}/postgres", "sudo -u postgres ${PG_BIN}/createdb", "cat db_connection.txt", "cat > db_visualizer/postgres.env"], "search-terms": ["PostgreSQL", "startup script", "database setup", "psql", "initdb", "pg_isready", "startup.sh", "database initialization"], "state": 2, "file_id": 6, "knowledge_revision": 11, "git_revision": "fc711422ca724d3088c9167651fdd15f3c6059ec", "hash": "fa2aa67ea0a7c72f7c0958282f15a864", "format-version": 4, "code-base-name": "database", "filename": "database/startup.sh", "revision_history": [{"11": "fc711422ca724d3088c9167651fdd15f3c6059ec"}]}